{
    "KSECTION": {
        "activation": 0.9809895753860474,
        "2": 0.7570963501930237
    },
    "BOUNDARY": {
        "activation": 0.05078125,
        "2": 0.1725260317325592
    },
    "STRONG": {
        "activation": 0.0572916679084301,
        "2": 0.1380208283662796
    },
    "Accuracy": 0.47
}