{
    "KSECTION": {
        "activation": 0.9994791746139526,
        "2": 0.9018229246139526
    },
    "activation": 0.9994791746139526,
    "2": 0.9018229246139526,
    "BOUNDARY": {
        "activation": 0.341796875,
        "2": 0.3089192807674408
    },
    "STRONG": {
        "activation": 0.3255208432674408,
        "2": 0.3489583432674408
    },
    "Accuracy": 0.84
}